"id_cliente","nome","id_endereco","sobrenome","data_nascimento","email","telefone","celular","cpf","genero","data_criacao","data_atualizacao","status"
1,Esther,163,Teixeira,2000-09-29,mariana858948@example.net,(65) 79034-9652,(22) 90597-2207,"71284960331",F,2023-10-22 01:59:02.571,2023-10-22 01:59:02.571,true
2,Mariane,152,Barbosa,2005-01-01,isissilva7264@example.com,(29) 25866-7664,(42) 62029-1129,"38607941240",M,2023-10-22 01:59:02.571,2023-10-22 01:59:02.571,true
3,Ana Vitória,41,Moura,1972-05-02,fernandesjoaquim8844@example.org,(51) 45846-4436,(79) 89364-2613,"87019632440",M,2023-10-22 01:59:02.571,2023-10-22 01:59:02.571,true
4,Leandro,54,Viana,1957-10-05,brunosilva8705@example.org,(52) 13001-4571,(61) 28192-2969,"98634712591",F,2023-10-22 01:59:02.571,2023-10-22 01:59:02.571,true
5,Pietro,56,Santos,1948-11-03,ana-julia375761@example.org,(67) 19581-9257,(71) 13107-6381,"82460719396",F,2023-10-22 01:59:02.571,2023-10-22 01:59:02.571,true
6,Clarice,113,da Paz,1991-11-08,duarteotavio7887@example.com,(80) 38565-8710,(21) 42752-4579,"80639472583",F,2023-10-22 01:59:02.571,2023-10-22 01:59:02.571,true
7,Ana Vitória,56,da Cunha,1998-10-06,caue115510@example.org,(51) 34456-6880,(96) 28108-6057,"75489310693",F,2023-10-22 01:59:02.571,2023-10-22 01:59:02.571,true
8,Ana Sophia,53,da Mota,1965-12-18,moraesantonio7820@example.com,(90) 86986-2870,(60) 19230-5176,"62314759800",M,2023-10-22 01:59:02.571,2023-10-22 01:59:02.571,true
9,Leonardo,151,Fogaça,1983-10-21,teixeiraenrico9292@example.org,(85) 33246-2731,(19) 61606-3575,"70893145610",F,2023-10-22 01:59:02.571,2023-10-22 01:59:02.571,true
10,Anthony,116,Cardoso,1946-03-09,eduardo553737@example.com,(80) 58794-2587,(41) 41500-9144,"03615842707",M,2023-10-22 01:59:02.571,2023-10-22 01:59:02.571,true
11,Natália,131,Mendes,1945-12-15,maite253689@example.com,(68) 64468-8196,(38) 16566-2909,"35920678186",M,2023-10-22 01:59:02.571,2023-10-22 01:59:02.571,true
12,Davi,179,Dias,1983-01-22,heloisa037394@example.com,(71) 49996-5156,(53) 91734-9403,"01672435943",M,2023-10-22 01:59:02.571,2023-10-22 01:59:02.571,true
13,Stephany,123,Cardoso,1958-10-02,jesusesther4336@example.com,(40) 96986-1005,(78) 75134-4146,"63798402574",F,2023-10-22 01:59:02.571,2023-10-22 01:59:02.571,true
14,Laura,118,da Cruz,1957-07-26,maysaalves2332@example.com,(46) 68716-4102,(67) 88537-4949,"23480765190",M,2023-10-22 01:59:02.571,2023-10-22 01:59:02.571,true
15,Ana Sophia,156,da Luz,1974-07-05,aragaoluana6816@example.com,(14) 92416-1668,(13) 73620-2140,"35084619206",M,2023-10-22 01:59:02.571,2023-10-22 01:59:02.571,true
16,Levi,38,Teixeira,1966-04-06,kevin309132@example.com,(92) 49813-1349,(98) 46928-5316,"24073619896",F,2023-10-22 01:59:02.571,2023-10-22 01:59:02.571,true
17,Alice,104,da Costa,1982-05-27,teixeiralucas7355@example.net,(93) 69925-5720,(92) 64089-7342,"67014389548",F,2023-10-22 01:59:02.571,2023-10-22 01:59:02.571,true
18,Marina,152,Nascimento,1997-06-23,aragaoraquel6201@example.org,(70) 51097-7401,(48) 26131-1471,"51320647871",F,2023-10-22 01:59:02.571,2023-10-22 01:59:02.571,true
19,Danilo,72,Monteiro,1987-04-02,zviana4024@example.com,(60) 60032-3404,(18) 69441-7413,"80536241970",F,2023-10-22 01:59:02.571,2023-10-22 01:59:02.571,true
20,Marina,46,Lima,1950-05-10,augusto093169@example.com,(13) 74635-9266,(75) 27979-5037,"25439870610",M,2023-10-22 01:59:02.571,2023-10-22 01:59:02.571,true
21,Laura,96,Fogaça,1954-01-21,barbosaolivia1280@example.net,(46) 24470-6143,(55) 41448-5992,"40836251989",M,2023-10-22 01:59:02.571,2023-10-22 01:59:02.571,true
22,Luiz Gustavo,41,Porto,1933-08-31,vitor015840@example.com,(19) 89125-6943,(92) 37273-3861,"52134907860",F,2023-10-22 01:59:02.571,2023-10-22 01:59:02.571,true
23,Luiz Fernando,199,Correia,2003-08-18,moreiracecilia6590@example.org,(39) 99109-8702,(10) 42528-6595,"62058379438",M,2023-10-22 01:59:02.571,2023-10-22 01:59:02.571,true
24,Beatriz,200,Castro,1998-05-09,enzo-gabrielviana4994@example.com,(41) 51860-3479,(82) 87510-4037,"53697184075",M,2023-10-22 01:59:02.571,2023-10-22 01:59:02.571,true
25,Alice,12,Pereira,2002-06-25,henriqueda-mota8298@example.com,(15) 26630-4692,(25) 94215-3746,"24976301869",M,2023-10-22 01:59:02.571,2023-10-22 01:59:02.571,true
26,Eloah,106,Mendes,1946-02-20,mendesmarcelo2877@example.com,(10) 11145-7289,(41) 39353-9581,"68123750986",F,2023-10-22 01:59:02.571,2023-10-22 01:59:02.571,true
27,Diogo,75,Vieira,1997-05-01,rezendenicolas1430@example.com,(63) 43562-7602,(49) 77391-7491,"28314075914",M,2023-10-22 01:59:02.571,2023-10-22 01:59:02.571,true
28,Raul,140,Duarte,1985-12-08,fcardoso1909@example.com,(19) 79064-7562,(28) 79618-3723,"02635179425",M,2023-10-22 01:59:02.571,2023-10-22 01:59:02.571,true
29,Maria Alice,39,Cardoso,1976-10-08,luigilima8468@example.org,(52) 34012-6838,(22) 31247-8134,"84706593166",F,2023-10-22 01:59:02.571,2023-10-22 01:59:02.571,true
30,Thales,103,Rezende,1972-02-16,wvieira6210@example.com,(22) 18374-3407,(73) 78477-6114,"94735812032",M,2023-10-22 01:59:02.571,2023-10-22 01:59:02.571,true
31,Vinicius,75,da Costa,1938-12-02,ujesus5655@example.com,(20) 80233-9705,(65) 22601-8612,"78560321462",F,2023-10-22 01:59:02.571,2023-10-22 01:59:02.571,true
32,Ana,87,da Costa,1933-04-04,ana-sophianogueira3684@example.org,(20) 24827-1580,(72) 90618-9772,"71840659211",M,2023-10-22 01:59:02.571,2023-10-22 01:59:02.571,true
33,Vinicius,107,Almeida,2004-02-29,nicole226302@example.com,(57) 12648-3862,(33) 91747-6870,"17293586400",F,2023-10-22 01:59:02.571,2023-10-22 01:59:02.571,true
34,Maitê,98,Barbosa,1988-08-15,joao-lucas071983@example.net,(11) 59612-1427,(76) 17049-1661,"29436108796",M,2023-10-22 01:59:02.571,2023-10-22 01:59:02.571,true
35,Ana Luiza,162,Teixeira,1942-07-27,alexandre299996@example.org,(89) 99001-7298,(44) 44626-8370,"35471289005",F,2023-10-22 01:59:02.571,2023-10-22 01:59:02.571,true
36,Benício,102,da Conceição,1963-09-07,teixeiramaria-eduarda8822@example.org,(79) 93284-9217,(39) 91617-4334,"24163980598",F,2023-10-22 01:59:02.571,2023-10-22 01:59:02.571,true
37,João Guilherme,92,Araújo,1988-12-27,bruno985093@example.com,(87) 22132-4682,(47) 33794-1000,"29603174831",M,2023-10-22 01:59:02.571,2023-10-22 01:59:02.571,true
38,Ana Lívia,143,Alves,1960-11-12,joao-lucasazevedo3626@example.net,(86) 51096-3561,(73) 68918-2467,"60952817330",M,2023-10-22 01:59:02.571,2023-10-22 01:59:02.571,true
39,Enzo,47,Monteiro,1934-10-28,mendesmaria4278@example.net,(56) 63185-5650,(96) 58223-1197,"90761348557",M,2023-10-22 01:59:02.571,2023-10-22 01:59:02.571,true
40,Alexandre,195,das Neves,1999-01-30,azevedolais9212@example.com,(91) 79382-9657,(34) 68604-5341,"34978260574",M,2023-10-22 01:59:02.571,2023-10-22 01:59:02.571,true
41,Lavínia,2,Porto,1987-04-20,ocunha1123@example.net,(35) 13776-9226,(76) 66976-8353,"08254167958",M,2023-10-22 01:59:02.571,2023-10-22 01:59:02.571,true
42,Bryan,179,Pereira,1956-11-21,henriquedas-neves4143@example.net,(59) 72224-1788,(54) 72874-6184,"36957021416",M,2023-10-22 01:59:02.571,2023-10-22 01:59:02.571,true
43,Maria Julia,192,Santos,1944-12-02,dbarbosa6839@example.com,(59) 30238-3018,(20) 53842-5406,"16054789201",F,2023-10-22 01:59:02.571,2023-10-22 01:59:02.571,true
44,Alexandre,21,Ribeiro,1952-05-27,alveslevi9822@example.net,(60) 90229-4030,(49) 34798-8523,"63175908268",M,2023-10-22 01:59:02.571,2023-10-22 01:59:02.571,true
45,Rodrigo,75,Campos,1941-09-21,cardosoraul4117@example.com,(75) 25589-8201,(64) 16256-6720,"12340578914",F,2023-10-22 01:59:02.571,2023-10-22 01:59:02.571,true
46,Guilherme,25,da Mata,1972-07-03,novaescarlos-eduardo7433@example.com,(60) 76046-8612,(77) 18507-4132,"10837624517",M,2023-10-22 01:59:02.571,2023-10-22 01:59:02.571,true
47,Cauã,73,da Mota,1968-02-12,gnovaes8366@example.org,(60) 24753-7040,(89) 98625-4499,"98605123451",M,2023-10-22 01:59:02.571,2023-10-22 01:59:02.571,true
48,Olivia,90,Silveira,1937-01-15,ramosigor1465@example.com,(95) 73722-5032,(69) 90835-5584,"19602483598",F,2023-10-22 01:59:02.571,2023-10-22 01:59:02.571,true
49,Gustavo,16,Barros,1950-10-06,hda-costa7815@example.net,(34) 47921-6432,(42) 91821-1833,"95681420370",M,2023-10-22 01:59:02.571,2023-10-22 01:59:02.571,true
50,Isadora,99,Ramos,1958-09-30,ribeirovicente1364@example.com,(93) 30178-7195,(53) 59649-2131,"47052836190",M,2023-10-22 01:59:02.571,2023-10-22 01:59:02.571,true
51,João Miguel,164,Caldeira,2003-01-06,ada-costa4136@example.net,(79) 70119-6545,(18) 54660-8286,"97465280176",M,2023-10-22 01:59:02.571,2023-10-22 01:59:02.571,true
52,João Lucas,66,Aragão,1965-02-12,nmendes5966@example.org,(55) 86159-5309,(53) 97000-7723,"02314956842",M,2023-10-22 01:59:02.571,2023-10-22 01:59:02.571,true
53,Isadora,50,Carvalho,1994-03-29,amandaramos1691@example.net,(57) 75352-5971,(90) 66662-1708,"42569730874",F,2023-10-22 01:59:02.571,2023-10-22 01:59:02.571,true
54,Pedro Henrique,83,Cardoso,1995-08-15,saragao5878@example.com,(68) 67071-9812,(15) 89328-9578,"04598376210",F,2023-10-22 01:59:02.571,2023-10-22 01:59:02.571,true
55,Benício,190,Cavalcanti,1976-01-10,joana576644@example.com,(56) 68825-1087,(85) 80701-4393,"96130274831",F,2023-10-22 01:59:02.571,2023-10-22 01:59:02.571,true
56,Ana Beatriz,115,Duarte,1973-11-05,wribeiro8346@example.com,(10) 79770-4637,(56) 16033-2212,"03579864238",F,2023-10-22 01:59:02.571,2023-10-22 01:59:02.571,true
57,Davi Lucca,70,Santos,1933-02-21,manuela418196@example.com,(44) 22906-3390,(80) 77965-1762,"03426587190",F,2023-10-22 01:59:02.571,2023-10-22 01:59:02.571,true
58,Ana Sophia,3,Dias,1968-09-19,yago732193@example.org,(62) 14008-3860,(32) 93797-4960,"72164983564",F,2023-10-22 01:59:02.571,2023-10-22 01:59:02.571,true
59,Isis,44,da Mota,1986-03-21,carlos-eduardo442906@example.net,(75) 23787-4067,(77) 52447-3664,"59216703830",M,2023-10-22 01:59:02.571,2023-10-22 01:59:02.571,true
60,Davi Lucca,175,Cavalcanti,1952-02-14,santosvicente5168@example.net,(45) 79048-4858,(84) 26167-3451,"07385619401",F,2023-10-22 01:59:02.571,2023-10-22 01:59:02.571,true
61,Evelyn,109,Lopes,1941-10-30,isisrodrigues2602@example.net,(10) 16206-8273,(43) 15621-3505,"18309746296",F,2023-10-22 01:59:02.571,2023-10-22 01:59:02.571,true
62,Davi,185,Freitas,1992-08-10,samuelduarte4857@example.com,(54) 25617-4719,(69) 93738-3163,"28371456026",M,2023-10-22 01:59:02.571,2023-10-22 01:59:02.571,true
63,Cecília,74,Nunes,1947-09-20,kviana4997@example.net,(84) 63684-4563,(95) 43994-1637,"49627305170",F,2023-10-22 01:59:02.571,2023-10-22 01:59:02.571,true
64,Luiz Gustavo,98,Novaes,1975-06-04,rferreira8642@example.net,(99) 41724-9156,(26) 13760-2925,"94680723122",M,2023-10-22 01:59:02.571,2023-10-22 01:59:02.571,true
65,Daniela,190,Rodrigues,1975-12-11,thomas835643@example.net,(20) 21479-1074,(90) 84882-3645,"36495108206",F,2023-10-22 01:59:02.571,2023-10-22 01:59:02.571,true
66,Maria,181,Souza,1975-09-18,da-rochaana-beatriz1277@example.net,(15) 58546-8961,(93) 34900-9297,"19504387675",F,2023-10-22 01:59:02.571,2023-10-22 01:59:02.571,true
67,Melissa,96,Ramos,1933-07-31,pietrocosta4131@example.com,(96) 65795-6279,(90) 93216-3599,"53496082747",M,2023-10-22 01:59:02.571,2023-10-22 01:59:02.571,true
68,Ana Laura,14,Cardoso,1951-01-05,fsantos7641@example.net,(87) 35430-5756,(92) 73372-2623,"87214596300",M,2023-10-22 01:59:02.571,2023-10-22 01:59:02.571,true
69,Luana,161,Dias,1968-10-19,nbarbosa2906@example.com,(98) 37663-9998,(91) 63248-5585,"36289410598",F,2023-10-22 01:59:02.571,2023-10-22 01:59:02.571,true
70,Gabriela,153,Fernandes,1937-09-11,evelyndas-neves7753@example.net,(14) 55083-2788,(59) 72574-4017,"02418365735",M,2023-10-22 01:59:02.571,2023-10-22 01:59:02.571,true
71,Francisco,53,Cavalcanti,2003-05-17,diogo754379@example.com,(76) 99960-8081,(36) 37169-1337,"51907843205",F,2023-10-22 01:59:02.571,2023-10-22 01:59:02.571,true
72,Lavínia,155,da Luz,1995-10-04,matheus971555@example.com,(76) 64383-5734,(32) 60687-8767,"59386721040",M,2023-10-22 01:59:02.571,2023-10-22 01:59:02.571,true
73,Maitê,6,da Luz,1943-05-17,levi991927@example.net,(87) 32525-6467,(91) 74766-9861,"01573846244",F,2023-10-22 01:59:02.571,2023-10-22 01:59:02.571,true
74,Bianca,49,da Cunha,1981-02-12,ynascimento5246@example.org,(45) 31292-6665,(14) 76101-7862,"17496350893",F,2023-10-22 01:59:02.571,2023-10-22 01:59:02.571,true
75,Isis,162,Porto,1995-02-03,gpinto2569@example.com,(43) 78205-5295,(61) 53838-4945,"03576129499",F,2023-10-22 01:59:02.571,2023-10-22 01:59:02.571,true
76,Kevin,32,Viana,1953-03-01,ana-julia698100@example.net,(61) 56925-9179,(50) 76434-4482,"79315420616",M,2023-10-22 01:59:02.571,2023-10-22 01:59:02.571,true
77,Agatha,107,Nunes,1995-07-01,santosrodrigo4874@example.net,(21) 44753-5528,(71) 12705-5542,"36897014575",F,2023-10-22 01:59:02.571,2023-10-22 01:59:02.571,true
78,Sabrina,136,Sales,1974-07-15,guilherme771262@example.com,(59) 78423-5971,(54) 95031-8461,"64071283580",M,2023-10-22 01:59:02.571,2023-10-22 01:59:02.571,true
79,Pietro,30,Ferreira,1976-12-27,kevincorreia7718@example.org,(78) 26225-6239,(80) 34193-9797,"07415936884",F,2023-10-22 01:59:02.571,2023-10-22 01:59:02.571,true
80,Nina,56,Martins,1963-05-25,silveirafernando8613@example.org,(30) 26090-9445,(33) 75339-7779,"24051896749",F,2023-10-22 01:59:02.571,2023-10-22 01:59:02.571,true
81,Bárbara,155,Dias,1961-04-10,ana-beatriz992450@example.com,(11) 70487-1824,(19) 82559-5206,"06183457280",M,2023-10-22 01:59:02.571,2023-10-22 01:59:02.571,true
82,Maria Clara,145,Lopes,1986-04-08,hda-mota3739@example.net,(42) 26289-2076,(92) 38131-2528,"71506249876",M,2023-10-22 01:59:02.571,2023-10-22 01:59:02.571,true
83,Danilo,56,Oliveira,1938-02-13,ana-livia963043@example.org,(63) 51694-7034,(44) 84932-9515,"75098326168",M,2023-10-22 01:59:02.571,2023-10-22 01:59:02.571,true
84,Yuri,3,das Neves,1937-10-08,erickmendes5155@example.org,(17) 33292-9320,(61) 43779-8449,"49052163707",F,2023-10-22 01:59:02.571,2023-10-22 01:59:02.571,true
85,Otávio,84,Castro,1983-04-20,barbosaluiz-felipe5983@example.net,(79) 48120-6001,(42) 84181-6466,"38714520680",M,2023-10-22 01:59:02.571,2023-10-22 01:59:02.571,true
86,Vitor Hugo,106,Melo,1986-07-10,acavalcanti9731@example.org,(86) 79427-7974,(61) 55227-5411,"80453127690",M,2023-10-22 01:59:02.571,2023-10-22 01:59:02.571,true
87,Antônio,42,Nascimento,1978-06-19,gabrielly827386@example.org,(34) 66165-5606,(17) 77953-9678,"14905327814",M,2023-10-22 01:59:02.571,2023-10-22 01:59:02.571,true
88,Isadora,67,Nogueira,1956-09-01,camilada-conceicao7085@example.net,(54) 44449-6903,(68) 39582-7725,"26105784902",M,2023-10-22 01:59:02.571,2023-10-22 01:59:02.571,true
89,Brenda,30,Cunha,1968-01-08,raquel291194@example.net,(78) 29397-2328,(54) 87947-8556,"02954816333",F,2023-10-22 01:59:02.571,2023-10-22 01:59:02.571,true
90,Maysa,136,da Rosa,1962-03-28,kaique827049@example.org,(95) 65518-1536,(93) 14673-5453,"30795428600",M,2023-10-22 01:59:02.571,2023-10-22 01:59:02.571,true
91,Lucca,21,Moraes,1944-03-25,almeidagustavo5521@example.com,(47) 28635-8179,(12) 10804-6603,"36582914782",M,2023-10-22 01:59:02.571,2023-10-22 01:59:02.571,true
92,Marcos Vinicius,132,da Luz,1999-06-11,das-nevesmaria-alice1232@example.org,(64) 45652-5180,(48) 63738-8884,"10932547699",M,2023-10-22 01:59:02.571,2023-10-22 01:59:02.571,true
93,Stephany,61,Gonçalves,1975-09-11,juliana672820@example.net,(32) 60812-2128,(40) 43172-1649,"41876532017",M,2023-10-22 01:59:02.571,2023-10-22 01:59:02.571,true
94,Luna,102,Carvalho,1940-04-28,dgoncalves1264@example.net,(58) 80117-8399,(62) 89128-2079,"30142589705",M,2023-10-22 01:59:02.571,2023-10-22 01:59:02.571,true
95,Emilly,108,Lopes,1979-02-12,fernandesvicente7396@example.com,(68) 18421-2157,(14) 67852-8538,"81037962478",M,2023-10-22 01:59:02.571,2023-10-22 01:59:02.571,true
96,Marcela,151,da Mota,1973-02-02,yda-luz3568@example.org,(11) 40578-1601,(40) 59069-1235,"10829356703",M,2023-10-22 01:59:02.571,2023-10-22 01:59:02.571,true
97,Alícia,50,Teixeira,1961-01-22,correiapedro-henrique9488@example.com,(68) 12099-9252,(76) 75832-6986,"64132578909",M,2023-10-22 01:59:02.571,2023-10-22 01:59:02.571,true
98,Rafael,95,Rodrigues,1996-03-15,valentina718935@example.com,(45) 28922-8770,(60) 33402-9261,"39125608703",F,2023-10-22 01:59:02.571,2023-10-22 01:59:02.571,true
99,Rafael,193,Lima,1984-05-30,isislima5256@example.org,(45) 68598-8484,(60) 56103-1260,"50426379829",M,2023-10-22 01:59:02.571,2023-10-22 01:59:02.571,true
100,João,147,Porto,1969-04-03,mrodrigues3271@example.net,(10) 66435-9271,(96) 46470-6629,"23570194680",F,2023-10-22 01:59:02.571,2023-10-22 01:59:02.571,true
101,Vitor Gabriel,150,da Rosa,1954-08-16,ada-cruz8677@example.org,(15) 60064-5724,(19) 45504-8525,"91567384048",F,2023-10-22 01:59:02.571,2023-10-22 01:59:02.571,true
102,Isaac,121,Pereira,1985-01-03,bcorreia7969@example.org,(63) 14877-1836,(26) 63117-9038,"16038752986",F,2023-10-22 01:59:02.571,2023-10-22 01:59:02.571,true
103,Nicolas,53,da Rocha,1935-06-25,antonio411070@example.org,(37) 33227-6853,(16) 94471-1147,"21954386060",M,2023-10-22 01:59:02.571,2023-10-22 01:59:02.571,true
104,Breno,142,Gonçalves,1947-02-05,aramos9231@example.org,(22) 37505-4338,(58) 19036-5771,"54087362965",M,2023-10-22 01:59:02.571,2023-10-22 01:59:02.571,true
105,Ian,90,Ribeiro,1932-12-06,matheusbarbosa5479@example.org,(91) 14244-6919,(11) 71714-6382,"64835190289",F,2023-10-22 01:59:02.571,2023-10-22 01:59:02.571,true
106,Enzo Gabriel,7,Dias,1998-10-20,ana-vitoriacosta1252@example.org,(31) 67581-9152,(49) 32039-6798,"60352789492",F,2023-10-22 01:59:02.571,2023-10-22 01:59:02.571,true
107,Maria Alice,81,Rocha,1951-10-26,yurinogueira3364@example.org,(53) 23964-8305,(96) 77887-9947,"28046517976",F,2023-10-22 01:59:02.571,2023-10-22 01:59:02.571,true
108,João Guilherme,121,da Luz,1934-06-08,cardosolucas-gabriel5124@example.org,(69) 43391-4564,(37) 32917-6194,"32967048500",M,2023-10-22 01:59:02.571,2023-10-22 01:59:02.571,true
109,Calebe,37,da Mota,1977-08-10,ramosleticia7163@example.net,(52) 33918-5423,(90) 36996-1040,"70358162912",M,2023-10-22 01:59:02.571,2023-10-22 01:59:02.571,true
110,Enzo Gabriel,192,da Mata,1972-06-11,isabellynunes4677@example.org,(76) 78776-8860,(88) 41625-7995,"17504968366",M,2023-10-22 01:59:02.571,2023-10-22 01:59:02.571,true
111,Henrique,155,da Costa,1940-07-01,duartealana4983@example.com,(11) 52088-4065,(17) 68965-6581,"37261840580",F,2023-10-22 01:59:02.571,2023-10-22 01:59:02.571,true
112,Carlos Eduardo,15,Oliveira,1940-02-14,liviada-mata3286@example.com,(87) 75597-9806,(74) 68765-2997,"27956183464",F,2023-10-22 01:59:02.571,2023-10-22 01:59:02.571,true
113,Luana,94,Almeida,1984-08-31,mariada-costa3187@example.net,(43) 82256-2256,(75) 79818-2451,"34609752107",M,2023-10-22 01:59:02.571,2023-10-22 01:59:02.571,true
114,Kaique,144,da Mota,1981-06-01,eduardogomes9603@example.net,(74) 13794-7811,(53) 40471-8210,"68047293150",F,2023-10-22 01:59:02.571,2023-10-22 01:59:02.571,true
115,Heitor,58,Rocha,1964-05-07,ana-livia929331@example.com,(73) 31166-2743,(28) 21115-7374,"01563982730",M,2023-10-22 01:59:02.571,2023-10-22 01:59:02.571,true
116,Paulo,170,Fogaça,1995-12-31,caue658737@example.org,(33) 30347-4782,(86) 57430-5495,"40382795610",M,2023-10-22 01:59:02.571,2023-10-22 01:59:02.571,true
117,Davi Lucca,136,Vieira,1959-03-05,lorenzo792473@example.org,(20) 82509-9832,(80) 91973-6983,"50784619220",F,2023-10-22 01:59:02.571,2023-10-22 01:59:02.571,true
118,Mariana,106,Azevedo,1979-08-26,alexandre666607@example.org,(65) 99979-8267,(93) 61770-3101,"31204695725",F,2023-10-22 01:59:02.571,2023-10-22 01:59:02.571,true
119,Yago,82,Lopes,1976-08-08,nicolas047528@example.org,(89) 57581-2409,(70) 31207-7840,"63092857429",M,2023-10-22 01:59:02.571,2023-10-22 01:59:02.571,true
120,Davi Lucca,171,da Paz,1975-06-04,emilly733590@example.com,(77) 55604-1056,(97) 71322-8010,"71540392643",F,2023-10-22 01:59:02.571,2023-10-22 01:59:02.571,true
121,Guilherme,161,Sales,1976-05-17,hcardoso4918@example.org,(79) 66400-1859,(21) 58723-2526,"75863420162",F,2023-10-22 01:59:02.571,2023-10-22 01:59:02.571,true
122,Nathan,16,da Costa,2000-12-06,tduarte5894@example.com,(27) 70524-9109,(24) 34699-6238,"62857439164",F,2023-10-22 01:59:02.571,2023-10-22 01:59:02.571,true
123,Evelyn,174,Viana,1950-03-15,cardosoana-carolina8220@example.com,(46) 37766-2797,(40) 83416-5274,"42739680104",M,2023-10-22 01:59:02.571,2023-10-22 01:59:02.571,true
124,Nina,86,Moraes,1952-02-27,nunesryan5794@example.net,(81) 31563-8749,(36) 29141-5183,"65782493038",F,2023-10-22 01:59:02.571,2023-10-22 01:59:02.571,true
125,Leandro,181,Ferreira,1984-07-17,joaquimsilva4008@example.org,(49) 23874-6541,(23) 97021-6062,"08915364775",F,2023-10-22 01:59:02.571,2023-10-22 01:59:02.571,true
126,Clarice,42,Martins,1965-05-02,rafaelamelo7095@example.net,(56) 68230-1747,(13) 87349-7587,"71285493079",F,2023-10-22 01:59:02.571,2023-10-22 01:59:02.571,true
127,Renan,156,Cardoso,1963-09-06,araujopedro-miguel8307@example.org,(46) 39592-6313,(38) 96800-9571,"15439027661",F,2023-10-22 01:59:02.571,2023-10-22 01:59:02.571,true
128,Heloísa,29,Correia,1994-11-27,fogacavitor-hugo6204@example.com,(12) 59784-5252,(11) 74982-8133,"81604275901",M,2023-10-22 01:59:02.571,2023-10-22 01:59:02.571,true
129,Ana Beatriz,29,Fogaça,1983-05-05,calebe843220@example.net,(60) 56862-8074,(76) 75605-1120,"23476089169",M,2023-10-22 01:59:02.571,2023-10-22 01:59:02.571,true
130,Maria Sophia,175,Moraes,1960-01-03,qnogueira3644@example.org,(49) 98516-7585,(62) 15029-4796,"76301852435",F,2023-10-22 01:59:02.571,2023-10-22 01:59:02.571,true
131,João Gabriel,174,da Rosa,1934-04-15,jsilveira2282@example.net,(64) 82713-6871,(88) 82478-3009,"08462197511",M,2023-10-22 01:59:02.571,2023-10-22 01:59:02.571,true
132,Luna,121,Martins,1971-03-15,julia442986@example.com,(13) 53085-5070,(49) 57055-5926,"09654138298",M,2023-10-22 01:59:02.571,2023-10-22 01:59:02.571,true
133,Pietra,200,Vieira,1950-10-18,luiz-felipecaldeira3095@example.com,(54) 74370-5929,(72) 97563-9495,"75920381450",M,2023-10-22 01:59:02.571,2023-10-22 01:59:02.571,true
134,Laís,170,Campos,1951-07-01,rochapedro-miguel2426@example.org,(69) 33293-9936,(13) 44563-3258,"19703658466",M,2023-10-22 01:59:02.571,2023-10-22 01:59:02.571,true
135,Leandro,126,Cardoso,1965-09-09,vitor-hugorodrigues5255@example.org,(20) 68841-9514,(52) 92038-5673,"15973642828",M,2023-10-22 01:59:02.571,2023-10-22 01:59:02.571,true
136,Juliana,67,Barbosa,1996-10-23,scardoso2067@example.net,(46) 47090-4581,(13) 61692-4021,"50426879120",F,2023-10-22 01:59:02.571,2023-10-22 01:59:02.571,true
137,Bárbara,35,Alves,1998-01-24,plopes7001@example.org,(11) 22285-2800,(85) 13022-2455,"67428915309",M,2023-10-22 01:59:02.571,2023-10-22 01:59:02.571,true
138,Arthur,126,Moreira,1997-11-17,da-motajuan5806@example.net,(97) 88487-6414,(96) 98531-8657,"50436128780",M,2023-10-22 01:59:02.571,2023-10-22 01:59:02.571,true
139,Isabelly,129,Monteiro,1964-08-01,ana-sophiateixeira3269@example.net,(30) 98945-3709,(10) 46881-2624,"75190248305",M,2023-10-22 01:59:02.571,2023-10-22 01:59:02.571,true
140,Carlos Eduardo,57,da Cunha,2005-07-25,luiza715519@example.org,(59) 66044-2976,(67) 63230-6154,"74513826991",M,2023-10-22 01:59:02.571,2023-10-22 01:59:02.571,true
141,Vitor Gabriel,195,Costa,1963-03-25,xmonteiro8431@example.net,(35) 77963-8605,(62) 28205-9655,"05716348262",M,2023-10-22 01:59:02.571,2023-10-22 01:59:02.571,true
142,Olivia,10,Lima,1970-01-01,amandacaldeira5224@example.org,(89) 64194-7990,(17) 51379-4720,"21634580915",M,2023-10-22 01:59:02.571,2023-10-22 01:59:02.571,true
143,Beatriz,93,Pires,1963-03-19,oda-rocha8077@example.org,(45) 81602-8441,(38) 97602-8036,"52637091452",F,2023-10-22 01:59:02.571,2023-10-22 01:59:02.571,true
144,Ana Luiza,152,Ferreira,1981-05-10,joao-vitorfarias3528@example.net,(73) 79194-8986,(90) 33732-2574,"86275934182",F,2023-10-22 01:59:02.571,2023-10-22 01:59:02.571,true
145,Marcela,82,Ferreira,1984-06-19,ebarros5676@example.org,(34) 41957-5715,(45) 15084-8349,"86492170520",F,2023-10-22 01:59:02.571,2023-10-22 01:59:02.571,true
146,Pedro Miguel,153,Castro,1963-08-13,halmeida2064@example.com,(81) 15097-3571,(35) 63843-1870,"94086153289",M,2023-10-22 01:59:02.571,2023-10-22 01:59:02.571,true
147,Danilo,122,Oliveira,1987-10-24,joao-vitor543790@example.com,(14) 53723-6418,(16) 85314-1648,"60281495351",M,2023-10-22 01:59:02.571,2023-10-22 01:59:02.571,true
148,Samuel,54,Cavalcanti,1992-10-08,ryan685024@example.net,(45) 68419-3123,(83) 27883-8142,"81546397264",M,2023-10-22 01:59:02.571,2023-10-22 01:59:02.571,true
149,Emanuella,12,da Luz,1997-02-07,nicolas764914@example.org,(37) 50821-8288,(94) 25819-3872,"91460873203",M,2023-10-22 01:59:02.571,2023-10-22 01:59:02.571,true
150,João Miguel,140,Gomes,1996-08-11,gustavo684986@example.org,(85) 33194-3974,(90) 15104-7211,"26903547134",M,2023-10-22 01:59:02.571,2023-10-22 01:59:02.571,true
151,Danilo,84,Nunes,1981-02-12,bcunha3039@example.net,(55) 77071-3574,(49) 98966-2132,"58327169068",F,2023-10-22 01:59:02.571,2023-10-22 01:59:02.571,true
152,Pedro Lucas,188,Castro,1981-09-19,andre505302@example.net,(62) 93973-8838,(20) 38327-6173,"72143685017",M,2023-10-22 01:59:02.571,2023-10-22 01:59:02.571,true
153,Luiz Felipe,14,Ribeiro,1944-04-12,matheus038723@example.com,(73) 28493-3605,(89) 38938-5126,"08523179488",M,2023-10-22 01:59:02.571,2023-10-22 01:59:02.571,true
154,Anthony,111,das Neves,1952-05-21,manuela154934@example.net,(82) 90881-1841,(30) 11422-3813,"07189265449",F,2023-10-22 01:59:02.571,2023-10-22 01:59:02.571,true
155,Bernardo,52,Pinto,1998-03-30,qda-rocha2998@example.com,(88) 43844-8990,(71) 17448-3665,"05241376925",F,2023-10-22 01:59:02.571,2023-10-22 01:59:02.571,true
156,Gabriela,43,Carvalho,1959-07-10,jribeiro6497@example.com,(84) 28192-4643,(59) 18731-1520,"39840251732",M,2023-10-22 01:59:02.571,2023-10-22 01:59:02.571,true
157,Maria Luiza,165,Ferreira,1972-02-17,nicolas194863@example.org,(70) 58098-3516,(23) 63534-3427,"19570823640",M,2023-10-22 01:59:02.571,2023-10-22 01:59:02.571,true
158,Sophie,146,Alves,1980-01-04,enricolima4361@example.com,(49) 55179-8181,(41) 76120-3136,"96841735200",F,2023-10-22 01:59:02.571,2023-10-22 01:59:02.571,true
159,Amanda,46,Jesus,1992-12-01,camilaalmeida5515@example.com,(60) 62571-4949,(96) 60034-2599,"80495721611",F,2023-10-22 01:59:02.571,2023-10-22 01:59:02.571,true
160,Ana Laura,196,Aragão,1938-04-30,benicioribeiro2132@example.org,(71) 14492-7716,(78) 57937-3457,"58436217071",F,2023-10-22 01:59:02.571,2023-10-22 01:59:02.571,true
161,Noah,25,Freitas,1979-12-13,joao-miguelcaldeira8686@example.org,(64) 72934-9091,(71) 36210-3177,"95043861215",M,2023-10-22 01:59:02.571,2023-10-22 01:59:02.571,true
162,Stella,97,da Rocha,1942-12-11,bernardomoraes4358@example.com,(71) 36960-3292,(36) 50056-7544,"72914306580",M,2023-10-22 01:59:02.571,2023-10-22 01:59:02.571,true
163,Ana Clara,9,Porto,1982-02-08,fernandeseduardo6520@example.com,(21) 53028-1110,(99) 15834-2266,"13075864900",F,2023-10-22 01:59:02.571,2023-10-22 01:59:02.571,true
164,Brenda,140,Alves,1988-11-23,silvacarlos-eduardo4965@example.org,(97) 70704-5367,(79) 26602-4787,"20931576830",M,2023-10-22 01:59:02.571,2023-10-22 01:59:02.571,true
165,Isabella,162,Novaes,1933-01-03,sophia605734@example.com,(79) 96924-9756,(50) 92220-8718,"64208139722",M,2023-10-22 01:59:02.571,2023-10-22 01:59:02.571,true
166,Danilo,104,Ramos,2000-07-18,liviafarias5511@example.org,(73) 28033-7013,(70) 42151-6277,"09675482338",F,2023-10-22 01:59:02.571,2023-10-22 01:59:02.571,true
167,Bryan,83,Lima,1960-06-27,castroluna5874@example.com,(15) 20834-3399,(70) 31118-2461,"13074859601",F,2023-10-22 01:59:02.571,2023-10-22 01:59:02.571,true
168,Helena,160,Pires,1949-05-30,brunafogaca4329@example.com,(27) 60972-4810,(80) 19755-2944,"56472139873",F,2023-10-22 01:59:02.571,2023-10-22 01:59:02.571,true
169,Fernando,153,Mendes,1954-07-23,uda-cunha6080@example.net,(21) 91722-3690,(50) 49322-3391,"50471632880",F,2023-10-22 01:59:02.571,2023-10-22 01:59:02.571,true
170,Clara,96,Carvalho,1950-09-21,jrezende5284@example.net,(28) 18477-8137,(79) 95023-5236,"24370956838",M,2023-10-22 01:59:02.571,2023-10-22 01:59:02.571,true
171,Rebeca,80,Jesus,1973-06-11,isadora729070@example.net,(34) 10347-9353,(51) 77533-9757,"53709418666",F,2023-10-22 01:59:02.571,2023-10-22 01:59:02.571,true
172,Agatha,188,Viana,1956-07-17,natalia789062@example.net,(39) 39357-4316,(34) 17873-2749,"58064317975",M,2023-10-22 01:59:02.571,2023-10-22 01:59:02.571,true
173,Marina,166,Lima,1988-12-24,nicolegomes4130@example.com,(66) 29285-9689,(59) 90894-1624,"47380916203",M,2023-10-22 01:59:02.571,2023-10-22 01:59:02.571,true
174,Gustavo Henrique,10,Monteiro,1945-06-22,da-costaluiz-gustavo3801@example.net,(70) 96024-9960,(52) 25781-3290,"85471329619",M,2023-10-22 01:59:02.571,2023-10-22 01:59:02.571,true
175,Augusto,12,Cavalcanti,1952-03-10,agatha934315@example.com,(74) 90813-9295,(48) 34133-1780,"59342708692",F,2023-10-22 01:59:02.571,2023-10-22 01:59:02.571,true
176,Yago,119,Jesus,1994-08-14,oliveiraisaac1574@example.net,(20) 22509-9695,(80) 50035-8962,"83965217003",F,2023-10-22 01:59:02.571,2023-10-22 01:59:02.571,true
177,Yuri,56,Novaes,1978-12-20,stephanynogueira5172@example.net,(67) 85940-6681,(93) 72135-8390,"95046182785",M,2023-10-22 01:59:02.571,2023-10-22 01:59:02.571,true
178,Helena,96,Caldeira,1971-05-29,barrospedro3045@example.net,(84) 64366-9748,(73) 12367-3324,"13058964242",M,2023-10-22 01:59:02.571,2023-10-22 01:59:02.571,true
179,Ryan,64,Rocha,1937-08-09,barbosakaique5588@example.com,(86) 25538-2900,(29) 10392-8354,"35149607207",M,2023-10-22 01:59:02.571,2023-10-22 01:59:02.571,true
180,Kamilly,64,Pereira,1943-03-26,da-conceicaosarah4468@example.net,(33) 83027-4744,(45) 22307-4125,"96054713884",M,2023-10-22 01:59:02.571,2023-10-22 01:59:02.571,true
181,Cauê,104,Costa,1968-01-01,ana-clarasales5911@example.com,(57) 62939-5937,(26) 12259-6135,"01689537493",M,2023-10-22 01:59:02.571,2023-10-22 01:59:02.571,true
182,Calebe,191,Nascimento,1942-09-03,maria-fernanda847295@example.com,(46) 57159-4467,(72) 65813-1594,"96704325107",M,2023-10-22 01:59:02.571,2023-10-22 01:59:02.571,true
183,Sophia,164,Castro,1987-09-14,vitorsales7667@example.org,(69) 41220-9756,(43) 68332-2792,"53791826409",M,2023-10-22 01:59:02.571,2023-10-22 01:59:02.571,true
184,Heloísa,152,Moreira,1985-01-26,vcampos4994@example.com,(52) 65580-7725,(68) 33598-8212,"03795861268",F,2023-10-22 01:59:02.571,2023-10-22 01:59:02.571,true
185,Helena,162,Cavalcanti,1970-01-17,das-nevesluigi1994@example.org,(37) 51095-1864,(39) 66102-6885,"81942703678",F,2023-10-22 01:59:02.571,2023-10-22 01:59:02.571,true
186,Maria Clara,56,Pereira,1982-07-01,ocavalcanti5252@example.org,(70) 98813-1513,(23) 69016-3934,"82379605483",M,2023-10-22 01:59:02.571,2023-10-22 01:59:02.571,true
187,Theo,78,Fogaça,1982-10-02,antoniobarbosa9704@example.net,(34) 38136-8631,(18) 42314-9801,"95762143864",F,2023-10-22 01:59:02.571,2023-10-22 01:59:02.571,true
188,Bryan,92,Novaes,1945-11-28,pedro-lucasda-costa7938@example.net,(80) 37893-7829,(50) 80743-4357,"36170954884",F,2023-10-22 01:59:02.571,2023-10-22 01:59:02.571,true
189,Davi Luiz,140,Oliveira,1934-09-28,wcosta2152@example.net,(34) 54401-6491,(69) 74110-6064,"07865129386",M,2023-10-22 01:59:02.571,2023-10-22 01:59:02.571,true
190,Maria Sophia,31,Nascimento,1974-04-21,lbarros4657@example.com,(45) 18067-3172,(37) 18045-2954,"93805672195",F,2023-10-22 01:59:02.571,2023-10-22 01:59:02.571,true
191,João,105,Barros,2003-09-07,fernando935308@example.net,(39) 35489-5945,(26) 83813-8291,"60791843548",M,2023-10-22 01:59:02.571,2023-10-22 01:59:02.571,true
192,Júlia,122,Aragão,1948-12-23,pereirajoao-felipe7981@example.com,(68) 27823-1651,(87) 26575-4658,"03278591488",F,2023-10-22 01:59:02.571,2023-10-22 01:59:02.571,true
193,João Guilherme,118,Gonçalves,1953-08-21,wrodrigues5407@example.net,(52) 32205-7301,(76) 78075-2134,"92756130443",M,2023-10-22 01:59:02.571,2023-10-22 01:59:02.571,true
194,Kaique,49,Correia,1940-08-18,souzaesther1572@example.net,(73) 47996-7240,(11) 22444-1758,"47968235146",M,2023-10-22 01:59:02.571,2023-10-22 01:59:02.571,true
195,Lucas,130,Correia,1984-09-01,xduarte5841@example.com,(64) 57283-8597,(28) 52839-9436,"45860791267",M,2023-10-22 01:59:02.571,2023-10-22 01:59:02.571,true
196,Yuri,145,Caldeira,1951-03-23,yferreira6421@example.com,(58) 67649-1062,(15) 41133-9798,"18756039484",F,2023-10-22 01:59:02.571,2023-10-22 01:59:02.571,true
197,Matheus,67,Nogueira,1997-05-22,bcunha4776@example.com,(35) 68942-7573,(46) 63960-7673,"38651420951",M,2023-10-22 01:59:02.571,2023-10-22 01:59:02.571,true
198,Augusto,111,Monteiro,1941-04-08,luiz-henrique482494@example.net,(99) 67064-7383,(52) 49758-2783,"07231946887",M,2023-10-22 01:59:02.571,2023-10-22 01:59:02.571,true
199,Benício,67,Freitas,1998-07-20,luiz-henriquesantos7412@example.org,(29) 14789-1209,(72) 91101-5149,"76258013490",M,2023-10-22 01:59:02.571,2023-10-22 01:59:02.571,true
200,Luiz Otávio,26,Araújo,1936-04-30,fogacalaura4109@example.com,(56) 52385-8836,(25) 46049-1770,"83617420931",M,2023-10-22 01:59:02.571,2023-10-22 01:59:02.571,true
